-- phpMyAdmin SQL Dump
-- version 4.9.5
-- https://www.phpmyadmin.net/
--
-- Host: localhost:3306
-- Generation Time: Oct 25, 2021 at 03:03 AM
-- Server version: 5.6.51-cll-lve
-- PHP Version: 7.3.27

SET SQL_MODE = "NO_AUTO_VALUE_ON_ZERO";
SET AUTOCOMMIT = 0;
START TRANSACTION;
SET time_zone = "+00:00";


/*!40101 SET @OLD_CHARACTER_SET_CLIENT=@@CHARACTER_SET_CLIENT */;
/*!40101 SET @OLD_CHARACTER_SET_RESULTS=@@CHARACTER_SET_RESULTS */;
/*!40101 SET @OLD_COLLATION_CONNECTION=@@COLLATION_CONNECTION */;
/*!40101 SET NAMES utf8mb4 */;

--
-- Database: `color_test`
--

-- --------------------------------------------------------

--
-- Table structure for table `answers`
--

CREATE TABLE `answers` (
  `answer_id` int(10) UNSIGNED NOT NULL,
  `question_id` int(10) UNSIGNED NOT NULL,
  `user_id` int(10) UNSIGNED NOT NULL,
  `answer_text` int(10) UNSIGNED NOT NULL,
  `created_at` timestamp NOT NULL DEFAULT CURRENT_TIMESTAMP
) ENGINE=InnoDB DEFAULT CHARSET=utf8mb4;

--
-- Dumping data for table `answers`
--

INSERT INTO `answers` (`answer_id`, `question_id`, `user_id`, `answer_text`, `created_at`) VALUES
(1, 1, 1, 5, '2021-10-20 16:54:04'),
(2, 2, 1, 4, '2021-10-20 16:54:04'),
(3, 3, 1, 5, '2021-10-20 16:54:04'),
(4, 4, 1, 3, '2021-10-20 16:54:04'),
(5, 5, 1, 4, '2021-10-20 16:54:04'),
(6, 6, 1, 5, '2021-10-20 16:54:04'),
(7, 7, 1, 2, '2021-10-20 16:54:04'),
(8, 8, 1, 4, '2021-10-20 16:54:04'),
(9, 9, 1, 5, '2021-10-20 16:54:04'),
(10, 10, 1, 3, '2021-10-20 16:54:04'),
(11, 11, 1, 3, '2021-10-20 16:54:04'),
(12, 12, 1, 4, '2021-10-20 16:54:04'),
(13, 13, 1, 3, '2021-10-20 16:54:04'),
(14, 14, 1, 3, '2021-10-20 16:54:04'),
(15, 15, 1, 1, '2021-10-20 16:54:04'),
(16, 16, 1, 3, '2021-10-20 16:54:04'),
(17, 17, 1, 3, '2021-10-20 16:54:04'),
(18, 18, 1, 2, '2021-10-20 16:54:04'),
(19, 19, 1, 3, '2021-10-20 16:54:04'),
(20, 20, 1, 3, '2021-10-20 16:54:04'),
(21, 21, 1, 5, '2021-10-20 16:54:04'),
(22, 22, 1, 4, '2021-10-20 16:54:04'),
(23, 23, 1, 3, '2021-10-20 16:54:04'),
(24, 24, 1, 5, '2021-10-20 16:54:04'),
(25, 25, 1, 5, '2021-10-20 16:54:04'),
(26, 26, 1, 5, '2021-10-20 16:54:04'),
(27, 27, 1, 5, '2021-10-20 16:54:04'),
(28, 28, 1, 5, '2021-10-20 16:54:04'),
(29, 29, 1, 4, '2021-10-20 16:54:04'),
(30, 30, 1, 5, '2021-10-20 16:54:04'),
(31, 31, 1, 3, '2021-10-20 16:54:04'),
(32, 32, 1, 3, '2021-10-20 16:54:04'),
(33, 33, 1, 5, '2021-10-20 16:54:04'),
(34, 34, 1, 5, '2021-10-20 16:54:04'),
(35, 35, 1, 5, '2021-10-20 16:54:04'),
(36, 36, 1, 4, '2021-10-20 16:54:04'),
(37, 37, 1, 3, '2021-10-20 16:54:04'),
(38, 38, 1, 4, '2021-10-20 16:54:04'),
(39, 39, 1, 5, '2021-10-20 16:54:04'),
(40, 40, 1, 5, '2021-10-20 16:54:04'),
(41, 41, 1, 5, '2021-10-20 16:54:04'),
(42, 42, 1, 4, '2021-10-20 16:54:04'),
(43, 43, 1, 4, '2021-10-20 16:54:04'),
(44, 44, 1, 5, '2021-10-20 16:54:04'),
(45, 45, 1, 5, '2021-10-20 16:54:04'),
(46, 46, 1, 5, '2021-10-20 16:54:04'),
(47, 47, 1, 5, '2021-10-20 16:54:04'),
(48, 48, 1, 4, '2021-10-20 16:54:04'),
(49, 49, 1, 5, '2021-10-20 16:54:04'),
(50, 50, 1, 5, '2021-10-20 16:54:04'),
(51, 51, 1, 5, '2021-10-20 16:54:04'),
(52, 52, 1, 5, '2021-10-20 16:54:04'),
(53, 53, 1, 3, '2021-10-20 16:54:04'),
(54, 54, 1, 4, '2021-10-20 16:54:04'),
(55, 55, 1, 3, '2021-10-20 16:54:04'),
(56, 56, 1, 5, '2021-10-20 16:54:04'),
(57, 57, 1, 5, '2021-10-20 16:54:04'),
(58, 58, 1, 4, '2021-10-20 16:54:04'),
(59, 59, 1, 5, '2021-10-20 16:54:04'),
(60, 60, 1, 5, '2021-10-20 16:54:04'),
(61, 61, 1, 5, '2021-10-20 16:54:04'),
(62, 62, 1, 4, '2021-10-20 16:54:04'),
(63, 63, 1, 3, '2021-10-20 16:54:04'),
(64, 64, 1, 2, '2021-10-20 16:54:04'),
(65, 65, 1, 3, '2021-10-20 16:54:04'),
(66, 66, 1, 4, '2021-10-20 16:54:04'),
(67, 67, 1, 3, '2021-10-20 16:54:04'),
(68, 68, 1, 4, '2021-10-20 16:54:04'),
(69, 69, 1, 4, '2021-10-20 16:54:04'),
(70, 70, 1, 3, '2021-10-20 16:54:04'),
(71, 71, 1, 2, '2021-10-20 16:54:04'),
(72, 72, 1, 3, '2021-10-20 16:54:04'),
(73, 73, 1, 2, '2021-10-20 16:54:04'),
(74, 74, 1, 1, '2021-10-20 16:54:04'),
(75, 75, 1, 3, '2021-10-20 16:54:04'),
(76, 76, 1, 2, '2021-10-20 16:54:04'),
(77, 77, 1, 2, '2021-10-20 16:54:04'),
(78, 78, 1, 2, '2021-10-20 16:54:04'),
(79, 79, 1, 4, '2021-10-20 16:54:04'),
(80, 80, 1, 4, '2021-10-20 16:54:04'),
(81, 1, 2, 1, '2021-10-23 09:28:42'),
(82, 2, 2, 4, '2021-10-23 09:28:42'),
(83, 3, 2, 3, '2021-10-23 09:28:42'),
(84, 4, 2, 1, '2021-10-23 09:28:42'),
(85, 5, 2, 2, '2021-10-23 09:28:42'),
(86, 6, 2, 3, '2021-10-23 09:28:42'),
(87, 7, 2, 4, '2021-10-23 09:28:42'),
(88, 8, 2, 5, '2021-10-23 09:28:42'),
(89, 9, 2, 4, '2021-10-23 09:28:42'),
(90, 10, 2, 4, '2021-10-23 09:28:42'),
(91, 11, 2, 3, '2021-10-23 09:28:42'),
(92, 12, 2, 3, '2021-10-23 09:28:42'),
(93, 13, 2, 4, '2021-10-23 09:28:42'),
(94, 14, 2, 1, '2021-10-23 09:28:42'),
(95, 15, 2, 3, '2021-10-23 09:28:42'),
(96, 16, 2, 1, '2021-10-23 09:28:42'),
(97, 17, 2, 2, '2021-10-23 09:28:42'),
(98, 18, 2, 3, '2021-10-23 09:28:42'),
(99, 19, 2, 5, '2021-10-23 09:28:42'),
(100, 20, 2, 4, '2021-10-23 09:28:42'),
(101, 21, 2, 5, '2021-10-23 09:28:42'),
(102, 22, 2, 1, '2021-10-23 09:28:42'),
(103, 23, 2, 2, '2021-10-23 09:28:42'),
(104, 24, 2, 5, '2021-10-23 09:28:42'),
(105, 25, 2, 1, '2021-10-23 09:28:42'),
(106, 26, 2, 1, '2021-10-23 09:28:42'),
(107, 27, 2, 4, '2021-10-23 09:28:42'),
(108, 28, 2, 3, '2021-10-23 09:28:42'),
(109, 29, 2, 1, '2021-10-23 09:28:42'),
(110, 30, 2, 3, '2021-10-23 09:28:42'),
(111, 31, 2, 1, '2021-10-23 09:28:42'),
(112, 32, 2, 1, '2021-10-23 09:28:42'),
(113, 33, 2, 3, '2021-10-23 09:28:42'),
(114, 34, 2, 2, '2021-10-23 09:28:42'),
(115, 35, 2, 2, '2021-10-23 09:28:42'),
(116, 36, 2, 3, '2021-10-23 09:28:42'),
(117, 37, 2, 2, '2021-10-23 09:28:42'),
(118, 38, 2, 4, '2021-10-23 09:28:42'),
(119, 39, 2, 1, '2021-10-23 09:28:42'),
(120, 40, 2, 5, '2021-10-23 09:28:42'),
(121, 41, 2, 4, '2021-10-23 09:28:42'),
(122, 42, 2, 2, '2021-10-23 09:28:42'),
(123, 43, 2, 4, '2021-10-23 09:28:42'),
(124, 44, 2, 1, '2021-10-23 09:28:42'),
(125, 45, 2, 4, '2021-10-23 09:28:42'),
(126, 46, 2, 3, '2021-10-23 09:28:42'),
(127, 47, 2, 5, '2021-10-23 09:28:42'),
(128, 48, 2, 4, '2021-10-23 09:28:42'),
(129, 49, 2, 4, '2021-10-23 09:28:42'),
(130, 50, 2, 5, '2021-10-23 09:28:42'),
(131, 51, 2, 2, '2021-10-23 09:28:42'),
(132, 52, 2, 4, '2021-10-23 09:28:42'),
(133, 53, 2, 2, '2021-10-23 09:28:42'),
(134, 54, 2, 3, '2021-10-23 09:28:42'),
(135, 55, 2, 1, '2021-10-23 09:28:42'),
(136, 56, 2, 5, '2021-10-23 09:28:42'),
(137, 57, 2, 2, '2021-10-23 09:28:42'),
(138, 58, 2, 4, '2021-10-23 09:28:42'),
(139, 59, 2, 2, '2021-10-23 09:28:42'),
(140, 60, 2, 4, '2021-10-23 09:28:42'),
(141, 61, 2, 4, '2021-10-23 09:28:42'),
(142, 62, 2, 5, '2021-10-23 09:28:42'),
(143, 63, 2, 3, '2021-10-23 09:28:42'),
(144, 64, 2, 3, '2021-10-23 09:28:42'),
(145, 65, 2, 5, '2021-10-23 09:28:42'),
(146, 66, 2, 2, '2021-10-23 09:28:42'),
(147, 67, 2, 5, '2021-10-23 09:28:42'),
(148, 68, 2, 1, '2021-10-23 09:28:42'),
(149, 69, 2, 2, '2021-10-23 09:28:42'),
(150, 70, 2, 2, '2021-10-23 09:28:42'),
(151, 71, 2, 4, '2021-10-23 09:28:42'),
(152, 72, 2, 4, '2021-10-23 09:28:42'),
(153, 73, 2, 4, '2021-10-23 09:28:42'),
(154, 74, 2, 4, '2021-10-23 09:28:42'),
(155, 75, 2, 2, '2021-10-23 09:28:42'),
(156, 76, 2, 2, '2021-10-23 09:28:42'),
(157, 77, 2, 4, '2021-10-23 09:28:42'),
(158, 78, 2, 5, '2021-10-23 09:28:42'),
(159, 79, 2, 5, '2021-10-23 09:28:42'),
(160, 80, 2, 1, '2021-10-23 09:28:42'),
(161, 1, 3, 1, '2021-10-23 09:29:03'),
(162, 2, 3, 4, '2021-10-23 09:29:03'),
(163, 3, 3, 3, '2021-10-23 09:29:03'),
(164, 4, 3, 1, '2021-10-23 09:29:03'),
(165, 5, 3, 2, '2021-10-23 09:29:03'),
(166, 6, 3, 3, '2021-10-23 09:29:03'),
(167, 7, 3, 4, '2021-10-23 09:29:03'),
(168, 8, 3, 5, '2021-10-23 09:29:03'),
(169, 9, 3, 4, '2021-10-23 09:29:03'),
(170, 10, 3, 4, '2021-10-23 09:29:03'),
(171, 11, 3, 3, '2021-10-23 09:29:03'),
(172, 12, 3, 3, '2021-10-23 09:29:03'),
(173, 13, 3, 4, '2021-10-23 09:29:03'),
(174, 14, 3, 1, '2021-10-23 09:29:03'),
(175, 15, 3, 3, '2021-10-23 09:29:04'),
(176, 16, 3, 1, '2021-10-23 09:29:04'),
(177, 17, 3, 2, '2021-10-23 09:29:04'),
(178, 18, 3, 3, '2021-10-23 09:29:04'),
(179, 19, 3, 5, '2021-10-23 09:29:04'),
(180, 20, 3, 4, '2021-10-23 09:29:04'),
(181, 21, 3, 5, '2021-10-23 09:29:04'),
(182, 22, 3, 1, '2021-10-23 09:29:04'),
(183, 23, 3, 2, '2021-10-23 09:29:04'),
(184, 24, 3, 5, '2021-10-23 09:29:04'),
(185, 25, 3, 1, '2021-10-23 09:29:04'),
(186, 26, 3, 1, '2021-10-23 09:29:04'),
(187, 27, 3, 4, '2021-10-23 09:29:04'),
(188, 28, 3, 3, '2021-10-23 09:29:04'),
(189, 29, 3, 1, '2021-10-23 09:29:04'),
(190, 30, 3, 3, '2021-10-23 09:29:04'),
(191, 31, 3, 1, '2021-10-23 09:29:04'),
(192, 32, 3, 1, '2021-10-23 09:29:04'),
(193, 33, 3, 3, '2021-10-23 09:29:04'),
(194, 34, 3, 2, '2021-10-23 09:29:04'),
(195, 35, 3, 2, '2021-10-23 09:29:04'),
(196, 36, 3, 3, '2021-10-23 09:29:04'),
(197, 37, 3, 2, '2021-10-23 09:29:04'),
(198, 38, 3, 4, '2021-10-23 09:29:04'),
(199, 39, 3, 1, '2021-10-23 09:29:04'),
(200, 40, 3, 5, '2021-10-23 09:29:04'),
(201, 41, 3, 4, '2021-10-23 09:29:04'),
(202, 42, 3, 2, '2021-10-23 09:29:04'),
(203, 43, 3, 4, '2021-10-23 09:29:04'),
(204, 44, 3, 1, '2021-10-23 09:29:04'),
(205, 45, 3, 4, '2021-10-23 09:29:04'),
(206, 46, 3, 3, '2021-10-23 09:29:04'),
(207, 47, 3, 5, '2021-10-23 09:29:04'),
(208, 48, 3, 4, '2021-10-23 09:29:04'),
(209, 49, 3, 4, '2021-10-23 09:29:04'),
(210, 50, 3, 5, '2021-10-23 09:29:04'),
(211, 51, 3, 2, '2021-10-23 09:29:04'),
(212, 52, 3, 4, '2021-10-23 09:29:04'),
(213, 53, 3, 2, '2021-10-23 09:29:04'),
(214, 54, 3, 3, '2021-10-23 09:29:04'),
(215, 55, 3, 1, '2021-10-23 09:29:04'),
(216, 56, 3, 5, '2021-10-23 09:29:04'),
(217, 57, 3, 2, '2021-10-23 09:29:04'),
(218, 58, 3, 4, '2021-10-23 09:29:04'),
(219, 59, 3, 2, '2021-10-23 09:29:04'),
(220, 60, 3, 4, '2021-10-23 09:29:04'),
(221, 61, 3, 4, '2021-10-23 09:29:04'),
(222, 62, 3, 5, '2021-10-23 09:29:04'),
(223, 63, 3, 3, '2021-10-23 09:29:04'),
(224, 64, 3, 3, '2021-10-23 09:29:04'),
(225, 65, 3, 5, '2021-10-23 09:29:04'),
(226, 66, 3, 2, '2021-10-23 09:29:04'),
(227, 67, 3, 5, '2021-10-23 09:29:04'),
(228, 68, 3, 1, '2021-10-23 09:29:04'),
(229, 69, 3, 2, '2021-10-23 09:29:04'),
(230, 70, 3, 2, '2021-10-23 09:29:04'),
(231, 71, 3, 4, '2021-10-23 09:29:04'),
(232, 72, 3, 4, '2021-10-23 09:29:04'),
(233, 73, 3, 4, '2021-10-23 09:29:04'),
(234, 74, 3, 4, '2021-10-23 09:29:04'),
(235, 75, 3, 2, '2021-10-23 09:29:04'),
(236, 76, 3, 2, '2021-10-23 09:29:04'),
(237, 77, 3, 4, '2021-10-23 09:29:04'),
(238, 78, 3, 5, '2021-10-23 09:29:04'),
(239, 79, 3, 5, '2021-10-23 09:29:04'),
(240, 80, 3, 1, '2021-10-23 09:29:04'),
(241, 1, 4, 1, '2021-10-23 09:29:16'),
(242, 2, 4, 4, '2021-10-23 09:29:16'),
(243, 3, 4, 3, '2021-10-23 09:29:16'),
(244, 4, 4, 1, '2021-10-23 09:29:16'),
(245, 5, 4, 2, '2021-10-23 09:29:16'),
(246, 6, 4, 3, '2021-10-23 09:29:16'),
(247, 7, 4, 4, '2021-10-23 09:29:16'),
(248, 8, 4, 5, '2021-10-23 09:29:16'),
(249, 9, 4, 4, '2021-10-23 09:29:16'),
(250, 10, 4, 4, '2021-10-23 09:29:16'),
(251, 11, 4, 3, '2021-10-23 09:29:16'),
(252, 12, 4, 3, '2021-10-23 09:29:16'),
(253, 13, 4, 4, '2021-10-23 09:29:16'),
(254, 14, 4, 1, '2021-10-23 09:29:16'),
(255, 15, 4, 3, '2021-10-23 09:29:16'),
(256, 16, 4, 1, '2021-10-23 09:29:16'),
(257, 17, 4, 2, '2021-10-23 09:29:16'),
(258, 18, 4, 3, '2021-10-23 09:29:16'),
(259, 19, 4, 5, '2021-10-23 09:29:16'),
(260, 20, 4, 4, '2021-10-23 09:29:16'),
(261, 21, 4, 5, '2021-10-23 09:29:16'),
(262, 22, 4, 1, '2021-10-23 09:29:16'),
(263, 23, 4, 2, '2021-10-23 09:29:16'),
(264, 24, 4, 5, '2021-10-23 09:29:16'),
(265, 25, 4, 1, '2021-10-23 09:29:16'),
(266, 26, 4, 1, '2021-10-23 09:29:16'),
(267, 27, 4, 4, '2021-10-23 09:29:16'),
(268, 28, 4, 3, '2021-10-23 09:29:16'),
(269, 29, 4, 1, '2021-10-23 09:29:16'),
(270, 30, 4, 3, '2021-10-23 09:29:16'),
(271, 31, 4, 1, '2021-10-23 09:29:16'),
(272, 32, 4, 1, '2021-10-23 09:29:16'),
(273, 33, 4, 3, '2021-10-23 09:29:16'),
(274, 34, 4, 2, '2021-10-23 09:29:16'),
(275, 35, 4, 2, '2021-10-23 09:29:16'),
(276, 36, 4, 3, '2021-10-23 09:29:16'),
(277, 37, 4, 2, '2021-10-23 09:29:16'),
(278, 38, 4, 4, '2021-10-23 09:29:16'),
(279, 39, 4, 1, '2021-10-23 09:29:16'),
(280, 40, 4, 5, '2021-10-23 09:29:16'),
(281, 41, 4, 4, '2021-10-23 09:29:16'),
(282, 42, 4, 2, '2021-10-23 09:29:16'),
(283, 43, 4, 4, '2021-10-23 09:29:16'),
(284, 44, 4, 1, '2021-10-23 09:29:16'),
(285, 45, 4, 4, '2021-10-23 09:29:16'),
(286, 46, 4, 3, '2021-10-23 09:29:16'),
(287, 47, 4, 5, '2021-10-23 09:29:16'),
(288, 48, 4, 4, '2021-10-23 09:29:16'),
(289, 49, 4, 4, '2021-10-23 09:29:16'),
(290, 50, 4, 5, '2021-10-23 09:29:16'),
(291, 51, 4, 2, '2021-10-23 09:29:16'),
(292, 52, 4, 4, '2021-10-23 09:29:16'),
(293, 53, 4, 2, '2021-10-23 09:29:16'),
(294, 54, 4, 3, '2021-10-23 09:29:16'),
(295, 55, 4, 1, '2021-10-23 09:29:16'),
(296, 56, 4, 5, '2021-10-23 09:29:16'),
(297, 57, 4, 2, '2021-10-23 09:29:16'),
(298, 58, 4, 4, '2021-10-23 09:29:16'),
(299, 59, 4, 2, '2021-10-23 09:29:16'),
(300, 60, 4, 4, '2021-10-23 09:29:16'),
(301, 61, 4, 4, '2021-10-23 09:29:16'),
(302, 62, 4, 5, '2021-10-23 09:29:16'),
(303, 63, 4, 3, '2021-10-23 09:29:16'),
(304, 64, 4, 3, '2021-10-23 09:29:16'),
(305, 65, 4, 5, '2021-10-23 09:29:16'),
(306, 66, 4, 2, '2021-10-23 09:29:16'),
(307, 67, 4, 5, '2021-10-23 09:29:16'),
(308, 68, 4, 1, '2021-10-23 09:29:16'),
(309, 69, 4, 2, '2021-10-23 09:29:16'),
(310, 70, 4, 2, '2021-10-23 09:29:16'),
(311, 71, 4, 4, '2021-10-23 09:29:16'),
(312, 72, 4, 4, '2021-10-23 09:29:16'),
(313, 73, 4, 4, '2021-10-23 09:29:16'),
(314, 74, 4, 4, '2021-10-23 09:29:16'),
(315, 75, 4, 2, '2021-10-23 09:29:16'),
(316, 76, 4, 2, '2021-10-23 09:29:16'),
(317, 77, 4, 4, '2021-10-23 09:29:16'),
(318, 78, 4, 5, '2021-10-23 09:29:16'),
(319, 79, 4, 5, '2021-10-23 09:29:16'),
(320, 80, 4, 1, '2021-10-23 09:29:16'),
(321, 1, 5, 5, '2021-10-23 10:45:53'),
(322, 2, 5, 4, '2021-10-23 10:45:53'),
(323, 3, 5, 4, '2021-10-23 10:45:53'),
(324, 4, 5, 4, '2021-10-23 10:45:53'),
(325, 5, 5, 5, '2021-10-23 10:45:53'),
(326, 6, 5, 3, '2021-10-23 10:45:53'),
(327, 7, 5, 3, '2021-10-23 10:45:53'),
(328, 8, 5, 5, '2021-10-23 10:45:53'),
(329, 9, 5, 2, '2021-10-23 10:45:53'),
(330, 10, 5, 2, '2021-10-23 10:45:53'),
(331, 11, 5, 3, '2021-10-23 10:45:53'),
(332, 12, 5, 4, '2021-10-23 10:45:53'),
(333, 13, 5, 1, '2021-10-23 10:45:53'),
(334, 14, 5, 4, '2021-10-23 10:45:53'),
(335, 15, 5, 1, '2021-10-23 10:45:53'),
(336, 16, 5, 4, '2021-10-23 10:45:53'),
(337, 17, 5, 4, '2021-10-23 10:45:53'),
(338, 18, 5, 3, '2021-10-23 10:45:53'),
(339, 19, 5, 5, '2021-10-23 10:45:53'),
(340, 20, 5, 1, '2021-10-23 10:45:53'),
(341, 21, 5, 5, '2021-10-23 10:45:53'),
(342, 22, 5, 1, '2021-10-23 10:45:53'),
(343, 23, 5, 4, '2021-10-23 10:45:53'),
(344, 24, 5, 2, '2021-10-23 10:45:53'),
(345, 25, 5, 4, '2021-10-23 10:45:53'),
(346, 26, 5, 2, '2021-10-23 10:45:53'),
(347, 27, 5, 1, '2021-10-23 10:45:53'),
(348, 28, 5, 2, '2021-10-23 10:45:53'),
(349, 29, 5, 4, '2021-10-23 10:45:53'),
(350, 30, 5, 2, '2021-10-23 10:45:53'),
(351, 31, 5, 4, '2021-10-23 10:45:53'),
(352, 32, 5, 5, '2021-10-23 10:45:53'),
(353, 33, 5, 4, '2021-10-23 10:45:53'),
(354, 34, 5, 3, '2021-10-23 10:45:53'),
(355, 35, 5, 2, '2021-10-23 10:45:53'),
(356, 36, 5, 5, '2021-10-23 10:45:53'),
(357, 37, 5, 5, '2021-10-23 10:45:53'),
(358, 38, 5, 3, '2021-10-23 10:45:53'),
(359, 39, 5, 5, '2021-10-23 10:45:53'),
(360, 40, 5, 3, '2021-10-23 10:45:53'),
(361, 41, 5, 2, '2021-10-23 10:45:53'),
(362, 42, 5, 2, '2021-10-23 10:45:53'),
(363, 43, 5, 3, '2021-10-23 10:45:53'),
(364, 44, 5, 1, '2021-10-23 10:45:53'),
(365, 45, 5, 1, '2021-10-23 10:45:53'),
(366, 46, 5, 4, '2021-10-23 10:45:53'),
(367, 47, 5, 2, '2021-10-23 10:45:53'),
(368, 48, 5, 1, '2021-10-23 10:45:53'),
(369, 49, 5, 3, '2021-10-23 10:45:53'),
(370, 50, 5, 3, '2021-10-23 10:45:53'),
(371, 51, 5, 5, '2021-10-23 10:45:53'),
(372, 52, 5, 5, '2021-10-23 10:45:53'),
(373, 53, 5, 3, '2021-10-23 10:45:53'),
(374, 54, 5, 2, '2021-10-23 10:45:53'),
(375, 55, 5, 2, '2021-10-23 10:45:53'),
(376, 56, 5, 2, '2021-10-23 10:45:53'),
(377, 57, 5, 1, '2021-10-23 10:45:53'),
(378, 58, 5, 1, '2021-10-23 10:45:53'),
(379, 59, 5, 5, '2021-10-23 10:45:53'),
(380, 60, 5, 3, '2021-10-23 10:45:53'),
(381, 61, 5, 1, '2021-10-23 10:45:53'),
(382, 62, 5, 2, '2021-10-23 10:45:53'),
(383, 63, 5, 3, '2021-10-23 10:45:53'),
(384, 64, 5, 1, '2021-10-23 10:45:53'),
(385, 65, 5, 5, '2021-10-23 10:45:53'),
(386, 66, 5, 2, '2021-10-23 10:45:53'),
(387, 67, 5, 3, '2021-10-23 10:45:53'),
(388, 68, 5, 5, '2021-10-23 10:45:53'),
(389, 69, 5, 3, '2021-10-23 10:45:53'),
(390, 70, 5, 4, '2021-10-23 10:45:53'),
(391, 71, 5, 5, '2021-10-23 10:45:53'),
(392, 72, 5, 5, '2021-10-23 10:45:53'),
(393, 73, 5, 5, '2021-10-23 10:45:53'),
(394, 74, 5, 5, '2021-10-23 10:45:53'),
(395, 75, 5, 1, '2021-10-23 10:45:53'),
(396, 76, 5, 4, '2021-10-23 10:45:53'),
(397, 77, 5, 4, '2021-10-23 10:45:53'),
(398, 78, 5, 4, '2021-10-23 10:45:53'),
(399, 79, 5, 4, '2021-10-23 10:45:53'),
(400, 80, 5, 3, '2021-10-23 10:45:53'),
(401, 1, 6, 3, '2021-10-24 03:55:08'),
(402, 2, 6, 4, '2021-10-24 03:55:08'),
(403, 3, 6, 2, '2021-10-24 03:55:08'),
(404, 4, 6, 4, '2021-10-24 03:55:08'),
(405, 5, 6, 4, '2021-10-24 03:55:08'),
(406, 6, 6, 3, '2021-10-24 03:55:08'),
(407, 7, 6, 2, '2021-10-24 03:55:08'),
(408, 8, 6, 4, '2021-10-24 03:55:08'),
(409, 9, 6, 5, '2021-10-24 03:55:08'),
(410, 10, 6, 3, '2021-10-24 03:55:08'),
(411, 11, 6, 4, '2021-10-24 03:55:08'),
(412, 12, 6, 4, '2021-10-24 03:55:08'),
(413, 13, 6, 2, '2021-10-24 03:55:08'),
(414, 14, 6, 1, '2021-10-24 03:55:08'),
(415, 15, 6, 2, '2021-10-24 03:55:08'),
(416, 16, 6, 3, '2021-10-24 03:55:08'),
(417, 17, 6, 4, '2021-10-24 03:55:08'),
(418, 18, 6, 5, '2021-10-24 03:55:08'),
(419, 19, 6, 1, '2021-10-24 03:55:08'),
(420, 20, 6, 5, '2021-10-24 03:55:08'),
(421, 21, 6, 1, '2021-10-24 03:55:08'),
(422, 22, 6, 2, '2021-10-24 03:55:08'),
(423, 23, 6, 3, '2021-10-24 03:55:08'),
(424, 24, 6, 1, '2021-10-24 03:55:08'),
(425, 25, 6, 2, '2021-10-24 03:55:08'),
(426, 26, 6, 5, '2021-10-24 03:55:08'),
(427, 27, 6, 4, '2021-10-24 03:55:08'),
(428, 28, 6, 1, '2021-10-24 03:55:08'),
(429, 29, 6, 5, '2021-10-24 03:55:08'),
(430, 30, 6, 2, '2021-10-24 03:55:08'),
(431, 31, 6, 5, '2021-10-24 03:55:08'),
(432, 32, 6, 5, '2021-10-24 03:55:08'),
(433, 33, 6, 2, '2021-10-24 03:55:08'),
(434, 34, 6, 4, '2021-10-24 03:55:08'),
(435, 35, 6, 2, '2021-10-24 03:55:08'),
(436, 36, 6, 1, '2021-10-24 03:55:08'),
(437, 37, 6, 1, '2021-10-24 03:55:08'),
(438, 38, 6, 5, '2021-10-24 03:55:08'),
(439, 39, 6, 5, '2021-10-24 03:55:08'),
(440, 40, 6, 1, '2021-10-24 03:55:08'),
(441, 41, 6, 3, '2021-10-24 03:55:08'),
(442, 42, 6, 4, '2021-10-24 03:55:08'),
(443, 43, 6, 1, '2021-10-24 03:55:08'),
(444, 44, 6, 3, '2021-10-24 03:55:08'),
(445, 45, 6, 5, '2021-10-24 03:55:08'),
(446, 46, 6, 4, '2021-10-24 03:55:08'),
(447, 47, 6, 5, '2021-10-24 03:55:08'),
(448, 48, 6, 5, '2021-10-24 03:55:08'),
(449, 49, 6, 3, '2021-10-24 03:55:08'),
(450, 50, 6, 4, '2021-10-24 03:55:08'),
(451, 51, 6, 2, '2021-10-24 03:55:08'),
(452, 52, 6, 3, '2021-10-24 03:55:08'),
(453, 53, 6, 2, '2021-10-24 03:55:08'),
(454, 54, 6, 2, '2021-10-24 03:55:08'),
(455, 55, 6, 2, '2021-10-24 03:55:08'),
(456, 56, 6, 4, '2021-10-24 03:55:08'),
(457, 57, 6, 1, '2021-10-24 03:55:08'),
(458, 58, 6, 1, '2021-10-24 03:55:08'),
(459, 59, 6, 1, '2021-10-24 03:55:08'),
(460, 60, 6, 4, '2021-10-24 03:55:08'),
(461, 61, 6, 2, '2021-10-24 03:55:08'),
(462, 62, 6, 3, '2021-10-24 03:55:08'),
(463, 63, 6, 3, '2021-10-24 03:55:08'),
(464, 64, 6, 3, '2021-10-24 03:55:08'),
(465, 65, 6, 2, '2021-10-24 03:55:08'),
(466, 66, 6, 2, '2021-10-24 03:55:08'),
(467, 67, 6, 2, '2021-10-24 03:55:08'),
(468, 68, 6, 1, '2021-10-24 03:55:08'),
(469, 69, 6, 1, '2021-10-24 03:55:08'),
(470, 70, 6, 4, '2021-10-24 03:55:08'),
(471, 71, 6, 4, '2021-10-24 03:55:08'),
(472, 72, 6, 3, '2021-10-24 03:55:08'),
(473, 73, 6, 1, '2021-10-24 03:55:08'),
(474, 74, 6, 5, '2021-10-24 03:55:08'),
(475, 75, 6, 4, '2021-10-24 03:55:08'),
(476, 76, 6, 3, '2021-10-24 03:55:08'),
(477, 77, 6, 1, '2021-10-24 03:55:08'),
(478, 78, 6, 3, '2021-10-24 03:55:08'),
(479, 79, 6, 4, '2021-10-24 03:55:08'),
(480, 80, 6, 1, '2021-10-24 03:55:08'),
(481, 1, 7, 3, '2021-10-24 04:50:08'),
(482, 2, 7, 2, '2021-10-24 04:50:08'),
(483, 3, 7, 3, '2021-10-24 04:50:08'),
(484, 4, 7, 4, '2021-10-24 04:50:08'),
(485, 5, 7, 3, '2021-10-24 04:50:08'),
(486, 6, 7, 4, '2021-10-24 04:50:08'),
(487, 7, 7, 5, '2021-10-24 04:50:08'),
(488, 8, 7, 5, '2021-10-24 04:50:08'),
(489, 9, 7, 3, '2021-10-24 04:50:08'),
(490, 10, 7, 4, '2021-10-24 04:50:08'),
(491, 11, 7, 3, '2021-10-24 04:50:08'),
(492, 12, 7, 3, '2021-10-24 04:50:08'),
(493, 13, 7, 3, '2021-10-24 04:50:08'),
(494, 14, 7, 4, '2021-10-24 04:50:08'),
(495, 15, 7, 3, '2021-10-24 04:50:08'),
(496, 16, 7, 4, '2021-10-24 04:50:08'),
(497, 17, 7, 1, '2021-10-24 04:50:08'),
(498, 18, 7, 4, '2021-10-24 04:50:08'),
(499, 19, 7, 1, '2021-10-24 04:50:08'),
(500, 20, 7, 2, '2021-10-24 04:50:08'),
(501, 21, 7, 4, '2021-10-24 04:50:08'),
(502, 22, 7, 3, '2021-10-24 04:50:08'),
(503, 23, 7, 2, '2021-10-24 04:50:08'),
(504, 24, 7, 3, '2021-10-24 04:50:08'),
(505, 25, 7, 1, '2021-10-24 04:50:08'),
(506, 26, 7, 4, '2021-10-24 04:50:08'),
(507, 27, 7, 5, '2021-10-24 04:50:08'),
(508, 28, 7, 5, '2021-10-24 04:50:08'),
(509, 29, 7, 2, '2021-10-24 04:50:08'),
(510, 30, 7, 3, '2021-10-24 04:50:08'),
(511, 31, 7, 5, '2021-10-24 04:50:08'),
(512, 32, 7, 3, '2021-10-24 04:50:08'),
(513, 33, 7, 3, '2021-10-24 04:50:08'),
(514, 34, 7, 3, '2021-10-24 04:50:08'),
(515, 35, 7, 2, '2021-10-24 04:50:08'),
(516, 36, 7, 1, '2021-10-24 04:50:08'),
(517, 37, 7, 4, '2021-10-24 04:50:08'),
(518, 38, 7, 3, '2021-10-24 04:50:08'),
(519, 39, 7, 4, '2021-10-24 04:50:08'),
(520, 40, 7, 2, '2021-10-24 04:50:08'),
(521, 41, 7, 3, '2021-10-24 04:50:08'),
(522, 42, 7, 3, '2021-10-24 04:50:08'),
(523, 43, 7, 2, '2021-10-24 04:50:08'),
(524, 44, 7, 4, '2021-10-24 04:50:08'),
(525, 45, 7, 2, '2021-10-24 04:50:08'),
(526, 46, 7, 3, '2021-10-24 04:50:08'),
(527, 47, 7, 2, '2021-10-24 04:50:08'),
(528, 48, 7, 4, '2021-10-24 04:50:08'),
(529, 49, 7, 5, '2021-10-24 04:50:08'),
(530, 50, 7, 5, '2021-10-24 04:50:08'),
(531, 51, 7, 5, '2021-10-24 04:50:08'),
(532, 52, 7, 5, '2021-10-24 04:50:08'),
(533, 53, 7, 5, '2021-10-24 04:50:08'),
(534, 54, 7, 5, '2021-10-24 04:50:08'),
(535, 55, 7, 3, '2021-10-24 04:50:08'),
(536, 56, 7, 4, '2021-10-24 04:50:08'),
(537, 57, 7, 3, '2021-10-24 04:50:08'),
(538, 58, 7, 3, '2021-10-24 04:50:08'),
(539, 59, 7, 4, '2021-10-24 04:50:08'),
(540, 60, 7, 4, '2021-10-24 04:50:08'),
(541, 61, 7, 3, '2021-10-24 04:50:08'),
(542, 62, 7, 3, '2021-10-24 04:50:08'),
(543, 63, 7, 4, '2021-10-24 04:50:08'),
(544, 64, 7, 2, '2021-10-24 04:50:08'),
(545, 65, 7, 4, '2021-10-24 04:50:08'),
(546, 66, 7, 3, '2021-10-24 04:50:08'),
(547, 67, 7, 4, '2021-10-24 04:50:08'),
(548, 68, 7, 3, '2021-10-24 04:50:08'),
(549, 69, 7, 3, '2021-10-24 04:50:08'),
(550, 70, 7, 3, '2021-10-24 04:50:08'),
(551, 71, 7, 3, '2021-10-24 04:50:08'),
(552, 72, 7, 3, '2021-10-24 04:50:08'),
(553, 73, 7, 3, '2021-10-24 04:50:08'),
(554, 74, 7, 4, '2021-10-24 04:50:08'),
(555, 75, 7, 5, '2021-10-24 04:50:08'),
(556, 76, 7, 4, '2021-10-24 04:50:08'),
(557, 77, 7, 2, '2021-10-24 04:50:08'),
(558, 78, 7, 4, '2021-10-24 04:50:08'),
(559, 79, 7, 2, '2021-10-24 04:50:08'),
(560, 80, 7, 1, '2021-10-24 04:50:08'),
(561, 1, 8, 4, '2021-10-24 05:12:31'),
(562, 2, 8, 3, '2021-10-24 05:12:31'),
(563, 3, 8, 4, '2021-10-24 05:12:31'),
(564, 4, 8, 2, '2021-10-24 05:12:31'),
(565, 5, 8, 3, '2021-10-24 05:12:31'),
(566, 6, 8, 2, '2021-10-24 05:12:31'),
(567, 7, 8, 5, '2021-10-24 05:12:31'),
(568, 8, 8, 2, '2021-10-24 05:12:31'),
(569, 9, 8, 4, '2021-10-24 05:12:31'),
(570, 10, 8, 4, '2021-10-24 05:12:31'),
(571, 11, 8, 4, '2021-10-24 05:12:31'),
(572, 12, 8, 4, '2021-10-24 05:12:31'),
(573, 13, 8, 4, '2021-10-24 05:12:31'),
(574, 14, 8, 3, '2021-10-24 05:12:31'),
(575, 15, 8, 4, '2021-10-24 05:12:31'),
(576, 16, 8, 3, '2021-10-24 05:12:31'),
(577, 17, 8, 4, '2021-10-24 05:12:31'),
(578, 18, 8, 2, '2021-10-24 05:12:31'),
(579, 19, 8, 3, '2021-10-24 05:12:31'),
(580, 20, 8, 4, '2021-10-24 05:12:31'),
(581, 21, 8, 4, '2021-10-24 05:12:31'),
(582, 22, 8, 3, '2021-10-24 05:12:31'),
(583, 23, 8, 3, '2021-10-24 05:12:31'),
(584, 24, 8, 5, '2021-10-24 05:12:31'),
(585, 25, 8, 4, '2021-10-24 05:12:31'),
(586, 26, 8, 3, '2021-10-24 05:12:31'),
(587, 27, 8, 2, '2021-10-24 05:12:31'),
(588, 28, 8, 4, '2021-10-24 05:12:31'),
(589, 29, 8, 5, '2021-10-24 05:12:31'),
(590, 30, 8, 5, '2021-10-24 05:12:31'),
(591, 31, 8, 3, '2021-10-24 05:12:31'),
(592, 32, 8, 4, '2021-10-24 05:12:31'),
(593, 33, 8, 3, '2021-10-24 05:12:31'),
(594, 34, 8, 5, '2021-10-24 05:12:31'),
(595, 35, 8, 4, '2021-10-24 05:12:31'),
(596, 36, 8, 4, '2021-10-24 05:12:31'),
(597, 37, 8, 4, '2021-10-24 05:12:31'),
(598, 38, 8, 4, '2021-10-24 05:12:31'),
(599, 39, 8, 3, '2021-10-24 05:12:31'),
(600, 40, 8, 4, '2021-10-24 05:12:31'),
(601, 41, 8, 3, '2021-10-24 05:12:31'),
(602, 42, 8, 3, '2021-10-24 05:12:31'),
(603, 43, 8, 4, '2021-10-24 05:12:31'),
(604, 44, 8, 4, '2021-10-24 05:12:31'),
(605, 45, 8, 3, '2021-10-24 05:12:31'),
(606, 46, 8, 4, '2021-10-24 05:12:31'),
(607, 47, 8, 3, '2021-10-24 05:12:31'),
(608, 48, 8, 4, '2021-10-24 05:12:31'),
(609, 49, 8, 4, '2021-10-24 05:12:31'),
(610, 50, 8, 4, '2021-10-24 05:12:31'),
(611, 51, 8, 4, '2021-10-24 05:12:31'),
(612, 52, 8, 3, '2021-10-24 05:12:31'),
(613, 53, 8, 4, '2021-10-24 05:12:31'),
(614, 54, 8, 5, '2021-10-24 05:12:31'),
(615, 55, 8, 5, '2021-10-24 05:12:31'),
(616, 56, 8, 5, '2021-10-24 05:12:31'),
(617, 57, 8, 4, '2021-10-24 05:12:31'),
(618, 58, 8, 5, '2021-10-24 05:12:31'),
(619, 59, 8, 4, '2021-10-24 05:12:31'),
(620, 60, 8, 5, '2021-10-24 05:12:31'),
(621, 61, 8, 2, '2021-10-24 05:12:31'),
(622, 62, 8, 3, '2021-10-24 05:12:31'),
(623, 63, 8, 4, '2021-10-24 05:12:31'),
(624, 64, 8, 2, '2021-10-24 05:12:31'),
(625, 65, 8, 3, '2021-10-24 05:12:31'),
(626, 66, 8, 2, '2021-10-24 05:12:31'),
(627, 67, 8, 3, '2021-10-24 05:12:31'),
(628, 68, 8, 2, '2021-10-24 05:12:31'),
(629, 69, 8, 3, '2021-10-24 05:12:31'),
(630, 70, 8, 2, '2021-10-24 05:12:31'),
(631, 71, 8, 2, '2021-10-24 05:12:31'),
(632, 72, 8, 3, '2021-10-24 05:12:31'),
(633, 73, 8, 5, '2021-10-24 05:12:31'),
(634, 74, 8, 4, '2021-10-24 05:12:31'),
(635, 75, 8, 5, '2021-10-24 05:12:31'),
(636, 76, 8, 5, '2021-10-24 05:12:31'),
(637, 77, 8, 5, '2021-10-24 05:12:31'),
(638, 78, 8, 4, '2021-10-24 05:12:31'),
(639, 79, 8, 4, '2021-10-24 05:12:31'),
(640, 80, 8, 5, '2021-10-24 05:12:31'),
(641, 1, 9, 5, '2021-10-24 05:27:31'),
(642, 2, 9, 4, '2021-10-24 05:27:31'),
(643, 3, 9, 5, '2021-10-24 05:27:31'),
(644, 4, 9, 3, '2021-10-24 05:27:31'),
(645, 5, 9, 4, '2021-10-24 05:27:31'),
(646, 6, 9, 5, '2021-10-24 05:27:31'),
(647, 7, 9, 2, '2021-10-24 05:27:31'),
(648, 8, 9, 4, '2021-10-24 05:27:31'),
(649, 9, 9, 5, '2021-10-24 05:27:31'),
(650, 10, 9, 3, '2021-10-24 05:27:31'),
(651, 11, 9, 3, '2021-10-24 05:27:31'),
(652, 12, 9, 4, '2021-10-24 05:27:31'),
(653, 13, 9, 3, '2021-10-24 05:27:31'),
(654, 14, 9, 3, '2021-10-24 05:27:31'),
(655, 15, 9, 1, '2021-10-24 05:27:31'),
(656, 16, 9, 3, '2021-10-24 05:27:31'),
(657, 17, 9, 3, '2021-10-24 05:27:31'),
(658, 18, 9, 2, '2021-10-24 05:27:31'),
(659, 19, 9, 3, '2021-10-24 05:27:31'),
(660, 20, 9, 3, '2021-10-24 05:27:31'),
(661, 21, 9, 5, '2021-10-24 05:27:31'),
(662, 22, 9, 4, '2021-10-24 05:27:31'),
(663, 23, 9, 3, '2021-10-24 05:27:31'),
(664, 24, 9, 5, '2021-10-24 05:27:31'),
(665, 25, 9, 5, '2021-10-24 05:27:31'),
(666, 26, 9, 5, '2021-10-24 05:27:31'),
(667, 27, 9, 5, '2021-10-24 05:27:31'),
(668, 28, 9, 5, '2021-10-24 05:27:31'),
(669, 29, 9, 4, '2021-10-24 05:27:31'),
(670, 30, 9, 5, '2021-10-24 05:27:31'),
(671, 31, 9, 3, '2021-10-24 05:27:31'),
(672, 32, 9, 3, '2021-10-24 05:27:31'),
(673, 33, 9, 5, '2021-10-24 05:27:31'),
(674, 34, 9, 5, '2021-10-24 05:27:31'),
(675, 35, 9, 5, '2021-10-24 05:27:31'),
(676, 36, 9, 4, '2021-10-24 05:27:31'),
(677, 37, 9, 3, '2021-10-24 05:27:31'),
(678, 38, 9, 4, '2021-10-24 05:27:31'),
(679, 39, 9, 5, '2021-10-24 05:27:31'),
(680, 40, 9, 5, '2021-10-24 05:27:31'),
(681, 41, 9, 5, '2021-10-24 05:27:31'),
(682, 42, 9, 4, '2021-10-24 05:27:31'),
(683, 43, 9, 4, '2021-10-24 05:27:31'),
(684, 44, 9, 5, '2021-10-24 05:27:31'),
(685, 45, 9, 5, '2021-10-24 05:27:31'),
(686, 46, 9, 5, '2021-10-24 05:27:31'),
(687, 47, 9, 5, '2021-10-24 05:27:31'),
(688, 48, 9, 4, '2021-10-24 05:27:31'),
(689, 49, 9, 5, '2021-10-24 05:27:31'),
(690, 50, 9, 5, '2021-10-24 05:27:31'),
(691, 51, 9, 5, '2021-10-24 05:27:31'),
(692, 52, 9, 5, '2021-10-24 05:27:31'),
(693, 53, 9, 3, '2021-10-24 05:27:31'),
(694, 54, 9, 4, '2021-10-24 05:27:31'),
(695, 55, 9, 3, '2021-10-24 05:27:31'),
(696, 56, 9, 5, '2021-10-24 05:27:31'),
(697, 57, 9, 5, '2021-10-24 05:27:31'),
(698, 58, 9, 4, '2021-10-24 05:27:31'),
(699, 59, 9, 5, '2021-10-24 05:27:31'),
(700, 60, 9, 5, '2021-10-24 05:27:31'),
(701, 61, 9, 5, '2021-10-24 05:27:31'),
(702, 62, 9, 4, '2021-10-24 05:27:31'),
(703, 63, 9, 3, '2021-10-24 05:27:31'),
(704, 64, 9, 2, '2021-10-24 05:27:31'),
(705, 65, 9, 3, '2021-10-24 05:27:31'),
(706, 66, 9, 4, '2021-10-24 05:27:31'),
(707, 67, 9, 3, '2021-10-24 05:27:31'),
(708, 68, 9, 4, '2021-10-24 05:27:31'),
(709, 69, 9, 4, '2021-10-24 05:27:31'),
(710, 70, 9, 3, '2021-10-24 05:27:31'),
(711, 71, 9, 2, '2021-10-24 05:27:31'),
(712, 72, 9, 3, '2021-10-24 05:27:31'),
(713, 73, 9, 2, '2021-10-24 05:27:31'),
(714, 74, 9, 1, '2021-10-24 05:27:31'),
(715, 75, 9, 3, '2021-10-24 05:27:31'),
(716, 76, 9, 2, '2021-10-24 05:27:31'),
(717, 77, 9, 2, '2021-10-24 05:27:31'),
(718, 78, 9, 2, '2021-10-24 05:27:31'),
(719, 79, 9, 4, '2021-10-24 05:27:31'),
(720, 80, 9, 4, '2021-10-24 05:27:31'),
(721, 1, 10, 3, '2021-10-24 09:37:25'),
(722, 2, 10, 4, '2021-10-24 09:37:25'),
(723, 3, 10, 4, '2021-10-24 09:37:25'),
(724, 4, 10, 2, '2021-10-24 09:37:25'),
(725, 5, 10, 4, '2021-10-24 09:37:25'),
(726, 6, 10, 4, '2021-10-24 09:37:25'),
(727, 7, 10, 5, '2021-10-24 09:37:25'),
(728, 8, 10, 4, '2021-10-24 09:37:25'),
(729, 9, 10, 4, '2021-10-24 09:37:25'),
(730, 10, 10, 3, '2021-10-24 09:37:25'),
(731, 11, 10, 5, '2021-10-24 09:37:25'),
(732, 12, 10, 4, '2021-10-24 09:37:25'),
(733, 13, 10, 4, '2021-10-24 09:37:25'),
(734, 14, 10, 3, '2021-10-24 09:37:25'),
(735, 15, 10, 5, '2021-10-24 09:37:25'),
(736, 16, 10, 5, '2021-10-24 09:37:25'),
(737, 17, 10, 3, '2021-10-24 09:37:25'),
(738, 18, 10, 4, '2021-10-24 09:37:25'),
(739, 19, 10, 3, '2021-10-24 09:37:25'),
(740, 20, 10, 4, '2021-10-24 09:37:25'),
(741, 21, 10, 5, '2021-10-24 09:37:25'),
(742, 22, 10, 5, '2021-10-24 09:37:25'),
(743, 23, 10, 4, '2021-10-24 09:37:25'),
(744, 24, 10, 5, '2021-10-24 09:37:25'),
(745, 25, 10, 4, '2021-10-24 09:37:25'),
(746, 26, 10, 4, '2021-10-24 09:37:25'),
(747, 27, 10, 5, '2021-10-24 09:37:25'),
(748, 28, 10, 5, '2021-10-24 09:37:25'),
(749, 29, 10, 4, '2021-10-24 09:37:25'),
(750, 30, 10, 4, '2021-10-24 09:37:25'),
(751, 31, 10, 3, '2021-10-24 09:37:25'),
(752, 32, 10, 2, '2021-10-24 09:37:25'),
(753, 33, 10, 2, '2021-10-24 09:37:25'),
(754, 34, 10, 2, '2021-10-24 09:37:25'),
(755, 35, 10, 3, '2021-10-24 09:37:25'),
(756, 36, 10, 2, '2021-10-24 09:37:25'),
(757, 37, 10, 1, '2021-10-24 09:37:25'),
(758, 38, 10, 2, '2021-10-24 09:37:25'),
(759, 39, 10, 1, '2021-10-24 09:37:25'),
(760, 40, 10, 2, '2021-10-24 09:37:25'),
(761, 41, 10, 3, '2021-10-24 09:37:25'),
(762, 42, 10, 3, '2021-10-24 09:37:25'),
(763, 43, 10, 2, '2021-10-24 09:37:25'),
(764, 44, 10, 3, '2021-10-24 09:37:25'),
(765, 45, 10, 4, '2021-10-24 09:37:25'),
(766, 46, 10, 4, '2021-10-24 09:37:25'),
(767, 47, 10, 4, '2021-10-24 09:37:25'),
(768, 48, 10, 2, '2021-10-24 09:37:25'),
(769, 49, 10, 2, '2021-10-24 09:37:25'),
(770, 50, 10, 3, '2021-10-24 09:37:25'),
(771, 51, 10, 3, '2021-10-24 09:37:25'),
(772, 52, 10, 3, '2021-10-24 09:37:25'),
(773, 53, 10, 3, '2021-10-24 09:37:25'),
(774, 54, 10, 3, '2021-10-24 09:37:25'),
(775, 55, 10, 3, '2021-10-24 09:37:25'),
(776, 56, 10, 4, '2021-10-24 09:37:25'),
(777, 57, 10, 4, '2021-10-24 09:37:25'),
(778, 58, 10, 4, '2021-10-24 09:37:25'),
(779, 59, 10, 4, '2021-10-24 09:37:25'),
(780, 60, 10, 4, '2021-10-24 09:37:25'),
(781, 61, 10, 3, '2021-10-24 09:37:25'),
(782, 62, 10, 2, '2021-10-24 09:37:25'),
(783, 63, 10, 1, '2021-10-24 09:37:25'),
(784, 64, 10, 2, '2021-10-24 09:37:25'),
(785, 65, 10, 2, '2021-10-24 09:37:25'),
(786, 66, 10, 3, '2021-10-24 09:37:25'),
(787, 67, 10, 2, '2021-10-24 09:37:25'),
(788, 68, 10, 2, '2021-10-24 09:37:25'),
(789, 69, 10, 2, '2021-10-24 09:37:25'),
(790, 70, 10, 3, '2021-10-24 09:37:25'),
(791, 71, 10, 4, '2021-10-24 09:37:25'),
(792, 72, 10, 5, '2021-10-24 09:37:25'),
(793, 73, 10, 5, '2021-10-24 09:37:25'),
(794, 74, 10, 3, '2021-10-24 09:37:25'),
(795, 75, 10, 4, '2021-10-24 09:37:25'),
(796, 76, 10, 4, '2021-10-24 09:37:25'),
(797, 77, 10, 4, '2021-10-24 09:37:25'),
(798, 78, 10, 4, '2021-10-24 09:37:25'),
(799, 79, 10, 5, '2021-10-24 09:37:25'),
(800, 80, 10, 5, '2021-10-24 09:37:25'),
(801, 1, 11, 4, '2021-10-24 11:54:09'),
(802, 2, 11, 4, '2021-10-24 11:54:09'),
(803, 3, 11, 5, '2021-10-24 11:54:09'),
(804, 4, 11, 4, '2021-10-24 11:54:09'),
(805, 5, 11, 5, '2021-10-24 11:54:09'),
(806, 6, 11, 4, '2021-10-24 11:54:09'),
(807, 7, 11, 5, '2021-10-24 11:54:09'),
(808, 8, 11, 5, '2021-10-24 11:54:09'),
(809, 9, 11, 5, '2021-10-24 11:54:09'),
(810, 10, 11, 4, '2021-10-24 11:54:09'),
(811, 11, 11, 1, '2021-10-24 11:54:09'),
(812, 12, 11, 2, '2021-10-24 11:54:09'),
(813, 13, 11, 2, '2021-10-24 11:54:09'),
(814, 14, 11, 3, '2021-10-24 11:54:09'),
(815, 15, 11, 2, '2021-10-24 11:54:09'),
(816, 16, 11, 1, '2021-10-24 11:54:09'),
(817, 17, 11, 3, '2021-10-24 11:54:09'),
(818, 18, 11, 2, '2021-10-24 11:54:09'),
(819, 19, 11, 2, '2021-10-24 11:54:09'),
(820, 20, 11, 2, '2021-10-24 11:54:09'),
(821, 21, 11, 2, '2021-10-24 11:54:09'),
(822, 22, 11, 2, '2021-10-24 11:54:09'),
(823, 23, 11, 1, '2021-10-24 11:54:09'),
(824, 24, 11, 2, '2021-10-24 11:54:09'),
(825, 25, 11, 2, '2021-10-24 11:54:09'),
(826, 26, 11, 1, '2021-10-24 11:54:09'),
(827, 27, 11, 2, '2021-10-24 11:54:09'),
(828, 28, 11, 3, '2021-10-24 11:54:09'),
(829, 29, 11, 2, '2021-10-24 11:54:09'),
(830, 30, 11, 2, '2021-10-24 11:54:09'),
(831, 31, 11, 4, '2021-10-24 11:54:09'),
(832, 32, 11, 4, '2021-10-24 11:54:09'),
(833, 33, 11, 3, '2021-10-24 11:54:09'),
(834, 34, 11, 4, '2021-10-24 11:54:09'),
(835, 35, 11, 5, '2021-10-24 11:54:09'),
(836, 36, 11, 5, '2021-10-24 11:54:09'),
(837, 37, 11, 4, '2021-10-24 11:54:09'),
(838, 38, 11, 5, '2021-10-24 11:54:09'),
(839, 39, 11, 4, '2021-10-24 11:54:09'),
(840, 40, 11, 4, '2021-10-24 11:54:09'),
(841, 41, 11, 2, '2021-10-24 11:54:09'),
(842, 42, 11, 2, '2021-10-24 11:54:09'),
(843, 43, 11, 1, '2021-10-24 11:54:09'),
(844, 44, 11, 2, '2021-10-24 11:54:09'),
(845, 45, 11, 1, '2021-10-24 11:54:09'),
(846, 46, 11, 2, '2021-10-24 11:54:09'),
(847, 47, 11, 1, '2021-10-24 11:54:09'),
(848, 48, 11, 2, '2021-10-24 11:54:09'),
(849, 49, 11, 2, '2021-10-24 11:54:09'),
(850, 50, 11, 2, '2021-10-24 11:54:09'),
(851, 51, 11, 4, '2021-10-24 11:54:09'),
(852, 52, 11, 4, '2021-10-24 11:54:09'),
(853, 53, 11, 4, '2021-10-24 11:54:09'),
(854, 54, 11, 5, '2021-10-24 11:54:09'),
(855, 55, 11, 4, '2021-10-24 11:54:09'),
(856, 56, 11, 5, '2021-10-24 11:54:09'),
(857, 57, 11, 4, '2021-10-24 11:54:09'),
(858, 58, 11, 5, '2021-10-24 11:54:09'),
(859, 59, 11, 4, '2021-10-24 11:54:09'),
(860, 60, 11, 5, '2021-10-24 11:54:09'),
(861, 61, 11, 2, '2021-10-24 11:54:09'),
(862, 62, 11, 2, '2021-10-24 11:54:09'),
(863, 63, 11, 2, '2021-10-24 11:54:09'),
(864, 64, 11, 3, '2021-10-24 11:54:09'),
(865, 65, 11, 2, '2021-10-24 11:54:09'),
(866, 66, 11, 3, '2021-10-24 11:54:09'),
(867, 67, 11, 2, '2021-10-24 11:54:09'),
(868, 68, 11, 3, '2021-10-24 11:54:09'),
(869, 69, 11, 3, '2021-10-24 11:54:09'),
(870, 70, 11, 2, '2021-10-24 11:54:09'),
(871, 71, 11, 4, '2021-10-24 11:54:09'),
(872, 72, 11, 4, '2021-10-24 11:54:09'),
(873, 73, 11, 3, '2021-10-24 11:54:09'),
(874, 74, 11, 3, '2021-10-24 11:54:09'),
(875, 75, 11, 4, '2021-10-24 11:54:09'),
(876, 76, 11, 3, '2021-10-24 11:54:09'),
(877, 77, 11, 4, '2021-10-24 11:54:09'),
(878, 78, 11, 5, '2021-10-24 11:54:09'),
(879, 79, 11, 5, '2021-10-24 11:54:09'),
(880, 80, 11, 5, '2021-10-24 11:54:09'),
(881, 1, 12, 5, '2021-10-24 12:21:49'),
(882, 2, 12, 2, '2021-10-24 12:21:49'),
(883, 3, 12, 5, '2021-10-24 12:21:49'),
(884, 4, 12, 3, '2021-10-24 12:21:49'),
(885, 5, 12, 1, '2021-10-24 12:21:49'),
(886, 6, 12, 1, '2021-10-24 12:21:49'),
(887, 7, 12, 5, '2021-10-24 12:21:49'),
(888, 8, 12, 3, '2021-10-24 12:21:49'),
(889, 9, 12, 3, '2021-10-24 12:21:49'),
(890, 10, 12, 5, '2021-10-24 12:21:49'),
(891, 11, 12, 2, '2021-10-24 12:21:49'),
(892, 12, 12, 4, '2021-10-24 12:21:49'),
(893, 13, 12, 1, '2021-10-24 12:21:49'),
(894, 14, 12, 1, '2021-10-24 12:21:49'),
(895, 15, 12, 4, '2021-10-24 12:21:49'),
(896, 16, 12, 2, '2021-10-24 12:21:49'),
(897, 17, 12, 2, '2021-10-24 12:21:49'),
(898, 18, 12, 1, '2021-10-24 12:21:49'),
(899, 19, 12, 1, '2021-10-24 12:21:49'),
(900, 20, 12, 3, '2021-10-24 12:21:49'),
(901, 21, 12, 4, '2021-10-24 12:21:49'),
(902, 22, 12, 2, '2021-10-24 12:21:49'),
(903, 23, 12, 1, '2021-10-24 12:21:49'),
(904, 24, 12, 3, '2021-10-24 12:21:49'),
(905, 25, 12, 5, '2021-10-24 12:21:49'),
(906, 26, 12, 4, '2021-10-24 12:21:49'),
(907, 27, 12, 3, '2021-10-24 12:21:49'),
(908, 28, 12, 5, '2021-10-24 12:21:49'),
(909, 29, 12, 4, '2021-10-24 12:21:49'),
(910, 30, 12, 1, '2021-10-24 12:21:49'),
(911, 31, 12, 1, '2021-10-24 12:21:49'),
(912, 32, 12, 2, '2021-10-24 12:21:49'),
(913, 33, 12, 1, '2021-10-24 12:21:49'),
(914, 34, 12, 1, '2021-10-24 12:21:49'),
(915, 35, 12, 5, '2021-10-24 12:21:49'),
(916, 36, 12, 5, '2021-10-24 12:21:49'),
(917, 37, 12, 1, '2021-10-24 12:21:49'),
(918, 38, 12, 2, '2021-10-24 12:21:49'),
(919, 39, 12, 5, '2021-10-24 12:21:49'),
(920, 40, 12, 3, '2021-10-24 12:21:49'),
(921, 41, 12, 1, '2021-10-24 12:21:49'),
(922, 42, 12, 4, '2021-10-24 12:21:49'),
(923, 43, 12, 4, '2021-10-24 12:21:49'),
(924, 44, 12, 3, '2021-10-24 12:21:49'),
(925, 45, 12, 3, '2021-10-24 12:21:49'),
(926, 46, 12, 3, '2021-10-24 12:21:49'),
(927, 47, 12, 5, '2021-10-24 12:21:49'),
(928, 48, 12, 5, '2021-10-24 12:21:49'),
(929, 49, 12, 1, '2021-10-24 12:21:49'),
(930, 50, 12, 1, '2021-10-24 12:21:49'),
(931, 51, 12, 2, '2021-10-24 12:21:49'),
(932, 52, 12, 5, '2021-10-24 12:21:49'),
(933, 53, 12, 3, '2021-10-24 12:21:49'),
(934, 54, 12, 1, '2021-10-24 12:21:49'),
(935, 55, 12, 5, '2021-10-24 12:21:49'),
(936, 56, 12, 4, '2021-10-24 12:21:49'),
(937, 57, 12, 1, '2021-10-24 12:21:49'),
(938, 58, 12, 2, '2021-10-24 12:21:49'),
(939, 59, 12, 4, '2021-10-24 12:21:49'),
(940, 60, 12, 2, '2021-10-24 12:21:49'),
(941, 61, 12, 5, '2021-10-24 12:21:49'),
(942, 62, 12, 2, '2021-10-24 12:21:49'),
(943, 63, 12, 1, '2021-10-24 12:21:49'),
(944, 64, 12, 5, '2021-10-24 12:21:49'),
(945, 65, 12, 4, '2021-10-24 12:21:49'),
(946, 66, 12, 5, '2021-10-24 12:21:49'),
(947, 67, 12, 2, '2021-10-24 12:21:49'),
(948, 68, 12, 3, '2021-10-24 12:21:49'),
(949, 69, 12, 4, '2021-10-24 12:21:49'),
(950, 70, 12, 1, '2021-10-24 12:21:49'),
(951, 71, 12, 5, '2021-10-24 12:21:49'),
(952, 72, 12, 4, '2021-10-24 12:21:49'),
(953, 73, 12, 4, '2021-10-24 12:21:49'),
(954, 74, 12, 2, '2021-10-24 12:21:49'),
(955, 75, 12, 5, '2021-10-24 12:21:49'),
(956, 76, 12, 4, '2021-10-24 12:21:49'),
(957, 77, 12, 4, '2021-10-24 12:21:49'),
(958, 78, 12, 2, '2021-10-24 12:21:49'),
(959, 79, 12, 5, '2021-10-24 12:21:49'),
(960, 80, 12, 5, '2021-10-24 12:21:49'),
(961, 1, 13, 2, '2021-10-24 12:42:54'),
(962, 2, 13, 2, '2021-10-24 12:42:54'),
(963, 3, 13, 3, '2021-10-24 12:42:54'),
(964, 4, 13, 1, '2021-10-24 12:42:54'),
(965, 5, 13, 2, '2021-10-24 12:42:54'),
(966, 6, 13, 3, '2021-10-24 12:42:54'),
(967, 7, 13, 1, '2021-10-24 12:42:54'),
(968, 8, 13, 3, '2021-10-24 12:42:54'),
(969, 9, 13, 2, '2021-10-24 12:42:54'),
(970, 10, 13, 1, '2021-10-24 12:42:54'),
(971, 11, 13, 4, '2021-10-24 12:42:54'),
(972, 12, 13, 4, '2021-10-24 12:42:54'),
(973, 13, 13, 4, '2021-10-24 12:42:54'),
(974, 14, 13, 3, '2021-10-24 12:42:54'),
(975, 15, 13, 4, '2021-10-24 12:42:54'),
(976, 16, 13, 4, '2021-10-24 12:42:54'),
(977, 17, 13, 3, '2021-10-24 12:42:54'),
(978, 18, 13, 4, '2021-10-24 12:42:54'),
(979, 19, 13, 3, '2021-10-24 12:42:54'),
(980, 20, 13, 3, '2021-10-24 12:42:54'),
(981, 21, 13, 4, '2021-10-24 12:42:54'),
(982, 22, 13, 5, '2021-10-24 12:42:54'),
(983, 23, 13, 5, '2021-10-24 12:42:54'),
(984, 24, 13, 5, '2021-10-24 12:42:54'),
(985, 25, 13, 5, '2021-10-24 12:42:54'),
(986, 26, 13, 4, '2021-10-24 12:42:54'),
(987, 27, 13, 5, '2021-10-24 12:42:54'),
(988, 28, 13, 4, '2021-10-24 12:42:54'),
(989, 29, 13, 5, '2021-10-24 12:42:54'),
(990, 30, 13, 4, '2021-10-24 12:42:54'),
(991, 31, 13, 3, '2021-10-24 12:42:54'),
(992, 32, 13, 2, '2021-10-24 12:42:54'),
(993, 33, 13, 3, '2021-10-24 12:42:54'),
(994, 34, 13, 1, '2021-10-24 12:42:54'),
(995, 35, 13, 2, '2021-10-24 12:42:54'),
(996, 36, 13, 3, '2021-10-24 12:42:54'),
(997, 37, 13, 1, '2021-10-24 12:42:54'),
(998, 38, 13, 2, '2021-10-24 12:42:54'),
(999, 39, 13, 3, '2021-10-24 12:42:54'),
(1000, 40, 13, 2, '2021-10-24 12:42:54'),
(1001, 41, 13, 4, '2021-10-24 12:42:54'),
(1002, 42, 13, 4, '2021-10-24 12:42:54'),
(1003, 43, 13, 4, '2021-10-24 12:42:54'),
(1004, 44, 13, 4, '2021-10-24 12:42:54'),
(1005, 45, 13, 4, '2021-10-24 12:42:54'),
(1006, 46, 13, 4, '2021-10-24 12:42:54'),
(1007, 47, 13, 4, '2021-10-24 12:42:54'),
(1008, 48, 13, 3, '2021-10-24 12:42:54'),
(1009, 49, 13, 4, '2021-10-24 12:42:54'),
(1010, 50, 13, 4, '2021-10-24 12:42:54'),
(1011, 51, 13, 5, '2021-10-24 12:42:54'),
(1012, 52, 13, 5, '2021-10-24 12:42:54'),
(1013, 53, 13, 5, '2021-10-24 12:42:54'),
(1014, 54, 13, 5, '2021-10-24 12:42:54'),
(1015, 55, 13, 4, '2021-10-24 12:42:54'),
(1016, 56, 13, 5, '2021-10-24 12:42:54'),
(1017, 57, 13, 5, '2021-10-24 12:42:54'),
(1018, 58, 13, 4, '2021-10-24 12:42:54'),
(1019, 59, 13, 4, '2021-10-24 12:42:54'),
(1020, 60, 13, 3, '2021-10-24 12:42:54'),
(1021, 61, 13, 4, '2021-10-24 12:42:54'),
(1022, 62, 13, 3, '2021-10-24 12:42:54'),
(1023, 63, 13, 3, '2021-10-24 12:42:54'),
(1024, 64, 13, 3, '2021-10-24 12:42:54'),
(1025, 65, 13, 3, '2021-10-24 12:42:54'),
(1026, 66, 13, 3, '2021-10-24 12:42:54'),
(1027, 67, 13, 3, '2021-10-24 12:42:54'),
(1028, 68, 13, 3, '2021-10-24 12:42:54'),
(1029, 69, 13, 3, '2021-10-24 12:42:54'),
(1030, 70, 13, 4, '2021-10-24 12:42:54'),
(1031, 71, 13, 4, '2021-10-24 12:42:54'),
(1032, 72, 13, 5, '2021-10-24 12:42:54'),
(1033, 73, 13, 5, '2021-10-24 12:42:54'),
(1034, 74, 13, 5, '2021-10-24 12:42:54'),
(1035, 75, 13, 4, '2021-10-24 12:42:54'),
(1036, 76, 13, 5, '2021-10-24 12:42:54'),
(1037, 77, 13, 4, '2021-10-24 12:42:54'),
(1038, 78, 13, 5, '2021-10-24 12:42:54'),
(1039, 79, 13, 5, '2021-10-24 12:42:54'),
(1040, 80, 13, 5, '2021-10-24 12:42:54'),
(1041, 1, 14, 2, '2021-10-25 01:56:45'),
(1042, 2, 14, 2, '2021-10-25 01:56:45'),
(1043, 3, 14, 3, '2021-10-25 01:56:45'),
(1044, 4, 14, 2, '2021-10-25 01:56:45'),
(1045, 5, 14, 3, '2021-10-25 01:56:45'),
(1046, 6, 14, 3, '2021-10-25 01:56:45'),
(1047, 7, 14, 3, '2021-10-25 01:56:45'),
(1048, 8, 14, 3, '2021-10-25 01:56:45'),
(1049, 9, 14, 3, '2021-10-25 01:56:45'),
(1050, 10, 14, 3, '2021-10-25 01:56:45'),
(1051, 11, 14, 3, '2021-10-25 01:56:45'),
(1052, 12, 14, 2, '2021-10-25 01:56:45'),
(1053, 13, 14, 3, '2021-10-25 01:56:45'),
(1054, 14, 14, 3, '2021-10-25 01:56:45'),
(1055, 15, 14, 2, '2021-10-25 01:56:45'),
(1056, 16, 14, 3, '2021-10-25 01:56:45'),
(1057, 17, 14, 2, '2021-10-25 01:56:45'),
(1058, 18, 14, 3, '2021-10-25 01:56:45'),
(1059, 19, 14, 3, '2021-10-25 01:56:45'),
(1060, 20, 14, 3, '2021-10-25 01:56:45'),
(1061, 21, 14, 4, '2021-10-25 01:56:45'),
(1062, 22, 14, 4, '2021-10-25 01:56:45'),
(1063, 23, 14, 5, '2021-10-25 01:56:45'),
(1064, 24, 14, 5, '2021-10-25 01:56:45'),
(1065, 25, 14, 5, '2021-10-25 01:56:45'),
(1066, 26, 14, 5, '2021-10-25 01:56:45'),
(1067, 27, 14, 5, '2021-10-25 01:56:45'),
(1068, 28, 14, 4, '2021-10-25 01:56:45'),
(1069, 29, 14, 5, '2021-10-25 01:56:45'),
(1070, 30, 14, 5, '2021-10-25 01:56:45'),
(1071, 31, 14, 3, '2021-10-25 01:56:45'),
(1072, 32, 14, 4, '2021-10-25 01:56:45'),
(1073, 33, 14, 4, '2021-10-25 01:56:45'),
(1074, 34, 14, 4, '2021-10-25 01:56:45'),
(1075, 35, 14, 4, '2021-10-25 01:56:45'),
(1076, 36, 14, 4, '2021-10-25 01:56:45'),
(1077, 37, 14, 3, '2021-10-25 01:56:45'),
(1078, 38, 14, 4, '2021-10-25 01:56:45'),
(1079, 39, 14, 4, '2021-10-25 01:56:45'),
(1080, 40, 14, 4, '2021-10-25 01:56:45'),
(1081, 41, 14, 4, '2021-10-25 01:56:45'),
(1082, 42, 14, 4, '2021-10-25 01:56:45'),
(1083, 43, 14, 5, '2021-10-25 01:56:45'),
(1084, 44, 14, 5, '2021-10-25 01:56:45'),
(1085, 45, 14, 5, '2021-10-25 01:56:45'),
(1086, 46, 14, 5, '2021-10-25 01:56:45'),
(1087, 47, 14, 5, '2021-10-25 01:56:45'),
(1088, 48, 14, 5, '2021-10-25 01:56:45'),
(1089, 49, 14, 5, '2021-10-25 01:56:45'),
(1090, 50, 14, 5, '2021-10-25 01:56:45'),
(1091, 51, 14, 5, '2021-10-25 01:56:45'),
(1092, 52, 14, 4, '2021-10-25 01:56:45'),
(1093, 53, 14, 4, '2021-10-25 01:56:45'),
(1094, 54, 14, 4, '2021-10-25 01:56:45'),
(1095, 55, 14, 4, '2021-10-25 01:56:45'),
(1096, 56, 14, 4, '2021-10-25 01:56:45'),
(1097, 57, 14, 4, '2021-10-25 01:56:45'),
(1098, 58, 14, 4, '2021-10-25 01:56:45'),
(1099, 59, 14, 4, '2021-10-25 01:56:45'),
(1100, 60, 14, 4, '2021-10-25 01:56:45'),
(1101, 61, 14, 4, '2021-10-25 01:56:45'),
(1102, 62, 14, 3, '2021-10-25 01:56:45'),
(1103, 63, 14, 3, '2021-10-25 01:56:45'),
(1104, 64, 14, 4, '2021-10-25 01:56:45'),
(1105, 65, 14, 3, '2021-10-25 01:56:45'),
(1106, 66, 14, 4, '2021-10-25 01:56:45'),
(1107, 67, 14, 3, '2021-10-25 01:56:45'),
(1108, 68, 14, 3, '2021-10-25 01:56:45'),
(1109, 69, 14, 4, '2021-10-25 01:56:45'),
(1110, 70, 14, 3, '2021-10-25 01:56:45'),
(1111, 71, 14, 5, '2021-10-25 01:56:45'),
(1112, 72, 14, 4, '2021-10-25 01:56:45'),
(1113, 73, 14, 5, '2021-10-25 01:56:45'),
(1114, 74, 14, 2, '2021-10-25 01:56:45'),
(1115, 75, 14, 5, '2021-10-25 01:56:45'),
(1116, 76, 14, 4, '2021-10-25 01:56:45'),
(1117, 77, 14, 4, '2021-10-25 01:56:45'),
(1118, 78, 14, 4, '2021-10-25 01:56:45'),
(1119, 79, 14, 4, '2021-10-25 01:56:45'),
(1120, 80, 14, 4, '2021-10-25 01:56:45');

-- --------------------------------------------------------

--
-- Table structure for table `configuration`
--

CREATE TABLE `configuration` (
  `id` int(10) UNSIGNED NOT NULL,
  `company_name` varchar(50) NOT NULL,
  `email` varchar(50) NOT NULL,
  `contact_no` varchar(12) NOT NULL,
  `address` varchar(100) NOT NULL
) ENGINE=InnoDB DEFAULT CHARSET=utf8mb4;

--
-- Dumping data for table `configuration`
--

INSERT INTO `configuration` (`id`, `company_name`, `email`, `contact_no`, `address`) VALUES
(1, 'Tamara Trantow', 'your.email+faker53336@gmail.com', '638', '69698 Mante Junction');

-- --------------------------------------------------------

--
-- Table structure for table `failed_jobs`
--

CREATE TABLE `failed_jobs` (
  `id` bigint(20) UNSIGNED NOT NULL,
  `uuid` varchar(255) COLLATE utf8mb4_unicode_ci NOT NULL,
  `connection` text COLLATE utf8mb4_unicode_ci NOT NULL,
  `queue` text COLLATE utf8mb4_unicode_ci NOT NULL,
  `payload` longtext COLLATE utf8mb4_unicode_ci NOT NULL,
  `exception` longtext COLLATE utf8mb4_unicode_ci NOT NULL,
  `failed_at` timestamp NOT NULL DEFAULT CURRENT_TIMESTAMP
) ENGINE=InnoDB DEFAULT CHARSET=utf8mb4 COLLATE=utf8mb4_unicode_ci;

-- --------------------------------------------------------

--
-- Table structure for table `migrations`
--

CREATE TABLE `migrations` (
  `id` int(10) UNSIGNED NOT NULL,
  `migration` varchar(255) COLLATE utf8mb4_unicode_ci NOT NULL,
  `batch` int(11) NOT NULL
) ENGINE=InnoDB DEFAULT CHARSET=utf8mb4 COLLATE=utf8mb4_unicode_ci;

--
-- Dumping data for table `migrations`
--

INSERT INTO `migrations` (`id`, `migration`, `batch`) VALUES
(1, '2014_10_12_000000_create_users_table', 1),
(2, '2014_10_12_100000_create_password_resets_table', 1),
(3, '2019_08_19_000000_create_failed_jobs_table', 1),
(4, '2019_12_14_000001_create_personal_access_tokens_table', 1);

-- --------------------------------------------------------

--
-- Table structure for table `password_resets`
--

CREATE TABLE `password_resets` (
  `email` varchar(255) COLLATE utf8mb4_unicode_ci NOT NULL,
  `token` varchar(255) COLLATE utf8mb4_unicode_ci NOT NULL,
  `created_at` timestamp NULL DEFAULT NULL
) ENGINE=InnoDB DEFAULT CHARSET=utf8mb4 COLLATE=utf8mb4_unicode_ci;

-- --------------------------------------------------------

--
-- Table structure for table `personal_access_tokens`
--

CREATE TABLE `personal_access_tokens` (
  `id` bigint(20) UNSIGNED NOT NULL,
  `tokenable_type` varchar(255) COLLATE utf8mb4_unicode_ci NOT NULL,
  `tokenable_id` bigint(20) UNSIGNED NOT NULL,
  `name` varchar(255) COLLATE utf8mb4_unicode_ci NOT NULL,
  `token` varchar(64) COLLATE utf8mb4_unicode_ci NOT NULL,
  `abilities` text COLLATE utf8mb4_unicode_ci,
  `last_used_at` timestamp NULL DEFAULT NULL,
  `created_at` timestamp NULL DEFAULT NULL,
  `updated_at` timestamp NULL DEFAULT NULL
) ENGINE=InnoDB DEFAULT CHARSET=utf8mb4 COLLATE=utf8mb4_unicode_ci;

-- --------------------------------------------------------

--
-- Table structure for table `personal_detail`
--

CREATE TABLE `personal_detail` (
  `id` int(10) UNSIGNED NOT NULL,
  `name` varchar(50) NOT NULL,
  `guardian_name` varchar(50) NOT NULL,
  `birth_date` date NOT NULL,
  `gender` varchar(10) NOT NULL,
  `contact_no` varchar(12) NOT NULL,
  `email_id` varchar(50) NOT NULL,
  `address` varchar(100) NOT NULL,
  `report_name` varchar(50) NOT NULL,
  `created_at` timestamp NOT NULL DEFAULT CURRENT_TIMESTAMP ON UPDATE CURRENT_TIMESTAMP
) ENGINE=InnoDB DEFAULT CHARSET=utf8mb4;

--
-- Dumping data for table `personal_detail`
--

INSERT INTO `personal_detail` (`id`, `name`, `guardian_name`, `birth_date`, `gender`, `contact_no`, `email_id`, `address`, `report_name`, `created_at`) VALUES
(2, 'Nicholaus.Larson', 'Kariane Bartoletti', '1999-11-11', 'Female', '87349-87897', 'your.email+faker78397@gmail.com', '325 Ritchie Trafficway', 'report.pdf', '2021-10-23 09:28:42'),
(3, 'Nicholaus.Larson', 'Kariane Bartoletti', '1999-11-11', 'Female', '87349-87897', 'your.email+faker78397@gmail.com', '325 Ritchie Trafficway', 'report_3.pdf', '2021-10-23 09:29:04'),
(4, 'Nicholaus.Larson', 'Kariane Bartoletti', '1999-11-11', 'Female', '87349-87897', 'your.email+faker78397@gmail.com', '325 Ritchie Trafficway', 'report_4.pdf', '2021-10-23 09:29:16'),
(5, 'Delmer27', 'Weston Wintheiser', '1999-05-01', 'Female', '53087-97797', 'your.email+faker89063@gmail.com', '8891 Nader Viaduct', 'report_5.pdf', '2021-10-23 10:45:53'),
(6, 'Lia.Hansen', 'Madison Toy', '2010-10-10', 'Female', '11678-67868', 'your.email+faker69390@gmail.com', '515 Heller Ranch', 'report_6.pdf', '2021-10-24 03:55:08'),
(8, 'Sam', 'Prasad', '1993-03-02', 'Male', '95423-65986', 'samp@gmail.com', 'Bangalore India', 'report_8.pdf', '2021-10-24 05:12:31'),
(9, 'Shiva', 'M', '1990-11-02', 'Male', '98861-33888', 'smmulage@gmail.com', 'Bangalore new India', 'report_9.pdf', '2021-10-24 05:27:31'),
(10, 'Arun', 'Prakash', '1991-04-05', 'Male', '98654-32178', 'arun@gmail.com', 'Bangalore India', 'report_10.pdf', '2021-10-24 09:37:25'),
(11, 'Anil', 'Narayan', '1991-05-10', 'Male', '98456-54329', 'anilc@gmail.com', 'Bangalore India', 'report_11.pdf', '2021-10-24 11:54:09'),
(12, 'Ben.VonRueden31', 'Alexandrine Koepp', '2009-11-11', 'Female', '57866-86876', 'your.email+faker90691@gmail.com', '472 Kessler Mountain', 'report_12.pdf', '2021-10-24 12:21:49'),
(13, 'Uday', 'Kumar', '1990-03-01', 'Male', '98654-87668', 'uday@gmail.com', 'Bangalore HSR layout, india', 'report_13.pdf', '2021-10-24 12:42:54'),
(14, 'Siddu', 'Patil', '1990-04-10', 'Male', '98654-32227', 'siddu@gmail.com', 'Bangalore India', 'report_14.pdf', '2021-10-25 01:56:45');

-- --------------------------------------------------------

--
-- Table structure for table `questions`
--

CREATE TABLE `questions` (
  `question_id` int(10) UNSIGNED NOT NULL,
  `category_id` int(10) UNSIGNED NOT NULL,
  `question_text` varchar(100) NOT NULL,
  `rating_max` int(10) UNSIGNED NOT NULL
) ENGINE=InnoDB DEFAULT CHARSET=utf8mb4;

--
-- Dumping data for table `questions`
--

INSERT INTO `questions` (`question_id`, `category_id`, `question_text`, `rating_max`) VALUES
(1, 2, 'I work best with Red Color composition', 5),
(2, 2, 'I enjoy Red using pen and sketch', 5),
(3, 2, 'I keep a things to do with red', 5),
(4, 2, 'I enjoy playing with red puzzles.', 5),
(5, 2, 'I like to ask why questions on red composition', 5),
(6, 2, 'I work best when I have red and white composition', 5),
(7, 2, 'I quickly grasp cause and effects of red color composition', 5),
(8, 2, 'I like to think through red and other color consequences', 5),
(9, 2, 'I find managing my color composition with red best', 5),
(10, 2, 'I always do things with red, White and Black', 5),
(11, 3, 'I like to do with Purple color composition', 5),
(12, 3, 'I enjoy participating Purple color composition seminar', 5),
(13, 3, 'I am curious on Purple color composition theory', 5),
(14, 3, 'I am well co-ordinated with Purple color composition and Red theory', 5),
(15, 3, 'I enjoy and am good at Purple color composition thoery', 5),
(16, 3, 'I prefer to design Purple color composition rather than software cell', 5),
(17, 3, 'I understand best by doing with Purple color composition', 5),
(18, 3, 'I never use instructions for Purple color composition', 5),
(19, 3, 'To learn something new with red, pink and Purple color composition', 5),
(20, 3, 'I find it easiest to solve problems with Purple color composition', 5),
(21, 4, 'I can use lots of Maroon colors to express in design and art', 5),
(22, 4, 'I feel comfortable working with Maroon colors', 5),
(23, 4, 'I enjoy Maroon and other color like Green, Black and White', 5),
(24, 4, 'I tend to remember things exactly Maroons when I imagine', 5),
(25, 4, 'I enjoy participating with Maroon color composition', 5),
(26, 4, 'I find it easy to express things to others with maroon color composition', 5),
(27, 4, 'I enjoy keeping maroon color story board and script', 5),
(28, 4, 'I find it easy to make up story board with maroon color composition', 5),
(29, 4, 'I am a convincing graphic presenter with maroon', 5),
(30, 4, 'I like to understand more about maroon color', 5),
(31, 5, 'I understand colour combinations and what colours work well with Yellow', 5),
(32, 5, 'I enjoy solving Yellow color composition', 5),
(33, 5, 'I read charts and maps of Yellow color composition', 5),
(34, 5, 'I have a good sense Yellow color composition', 5),
(35, 5, 'I like to do something with Yellow color composition theory', 5),
(36, 5, 'I am observant. I often see things that others miss with Yellow color composition', 5),
(37, 5, 'I can anticipate the Yellow color composition practice', 5),
(38, 5, 'I find graphs and charts of Yellow color composition easy to understand', 5),
(39, 5, 'I am always recognise Yellow color composition value', 5),
(40, 5, 'I can picture scenes in my head with Yellow color composition', 5),
(41, 6, 'I am happy spending time with Orange color composition', 5),
(42, 6, 'I have a few close Orange color composition', 5),
(43, 6, 'I have strong opinions about Orange color composition', 5),
(44, 6, 'I work best when Orange color composition with white and red', 5),
(45, 6, 'I am not easily influenced by other color composition except Orange', 5),
(46, 6, 'I am self aware about Orange color composition', 5),
(47, 6, 'I set myself own Orange color composition', 5),
(48, 6, 'I have a good understanding of how I will express to Orange color composition', 5),
(49, 6, 'I often raise questions concerning values of Orange color composition', 5),
(50, 6, 'I enjoy working on Orange color composition', 5),
(51, 7, 'I can sense the Pink color composition value', 5),
(52, 7, 'I work best when Pink color composition value with red and blue', 5),
(53, 7, 'I enjoy Pink color composition', 5),
(54, 7, 'I can sort out Pink color composition values', 5),
(55, 7, 'I prefer Pink color composition with white and red', 5),
(56, 7, 'I am a very passionate about Pink color composition', 5),
(57, 7, 'I could manipulate Pink color composition with other colors', 5),
(58, 7, 'I enjoy learning about Pink color composition theory', 5),
(59, 7, 'I find it easy to express with Pink color composition', 5),
(60, 7, 'I enjoy sharing my ideas with Pink color composition', 5),
(61, 8, 'Green color composition makes me Calm', 5),
(62, 8, 'I notice similarities and differences in Green color composition', 5),
(63, 8, 'I feel very strongly about Green color composition', 5),
(64, 8, 'I Likes to explore knowledge about Green color composition', 5),
(65, 8, 'I Can easily observe and detect changes with Green color composition', 5),
(66, 8, 'I enjoy Green color composition theory', 5),
(67, 8, 'I engage with Green color visual composition', 5),
(68, 8, 'I like painting with Green color composition', 5),
(69, 8, 'I enjoy Green color composition with Blue color theory', 5),
(70, 8, 'When I leave skecth to do, I wil plant with Green color composition ', 5),
(71, 9, 'I often play with Blue color composition', 5),
(72, 9, 'My mood changes when I see Blue color composition', 5),
(73, 9, 'It is easy for me to follow the Blue color composition', 5),
(74, 9, 'I can identify most Blue color composition theory', 5),
(75, 9, 'Blue color composition makes me feel happy', 5),
(76, 9, 'I can pick the value of Blue color composition', 5),
(77, 9, 'I keep Blue color composition with Green and White', 5),
(78, 9, 'I can work best with Blue color composition', 5),
(79, 9, 'I find it easy to engage with Blue color composition', 5),
(80, 9, 'I can remember more with Blue color composition ', 5);

-- --------------------------------------------------------

--
-- Table structure for table `question_category`
--

CREATE TABLE `question_category` (
  `category_id` int(10) UNSIGNED NOT NULL,
  `color_code` varchar(50) NOT NULL,
  `title` varchar(50) NOT NULL,
  `btn_name` varchar(50) NOT NULL,
  `color_category` varchar(50) NOT NULL,
  `is_primary_color` tinyint(1) NOT NULL,
  `created_at` timestamp NOT NULL DEFAULT CURRENT_TIMESTAMP
) ENGINE=InnoDB DEFAULT CHARSET=utf8mb4;

--
-- Dumping data for table `question_category`
--

INSERT INTO `question_category` (`category_id`, `color_code`, `title`, `btn_name`, `color_category`, `is_primary_color`, `created_at`) VALUES
(2, 'Red', 'Red Color Questions', 'Red_color_btn', 'lf', 1, '2021-10-20 09:57:02'),
(3, 'Purple', 'Purple Color Questions', 'Purple_color_btn', 'rf', 1, '2021-10-20 09:57:02'),
(4, 'Maroon', 'Maroon Color Questions', 'Maroon_color_btn', 'lf', 0, '2021-10-20 09:57:02'),
(5, 'Yellow', 'Yellow Color Questions', 'Yellow_color_btn', 'rf', 0, '2021-10-20 09:57:02'),
(6, 'Orange', 'Orange Color Questions', 'Orange_color_btn', 'lf', 1, '2021-10-20 09:57:02'),
(7, 'Pink', 'Pink Color Questions', 'Pink_color_btn', 'rf', 1, '2021-10-20 09:57:02'),
(8, 'Green', 'Green Color Questions', 'Green_color_btn', 'lf', 0, '2021-10-20 09:57:02'),
(9, 'Blue', 'Blue Color Questions', 'Blue_color_btn', 'rf', 0, '2021-10-20 09:57:02');

-- --------------------------------------------------------

--
-- Table structure for table `users`
--

CREATE TABLE `users` (
  `id` bigint(20) UNSIGNED NOT NULL,
  `name` varchar(255) COLLATE utf8mb4_unicode_ci NOT NULL,
  `email` varchar(255) COLLATE utf8mb4_unicode_ci NOT NULL,
  `email_verified_at` timestamp NULL DEFAULT NULL,
  `password` varchar(255) COLLATE utf8mb4_unicode_ci NOT NULL,
  `remember_token` varchar(100) COLLATE utf8mb4_unicode_ci DEFAULT NULL,
  `created_at` timestamp NULL DEFAULT NULL,
  `updated_at` timestamp NULL DEFAULT NULL
) ENGINE=InnoDB DEFAULT CHARSET=utf8mb4 COLLATE=utf8mb4_unicode_ci;

--
-- Dumping data for table `users`
--

INSERT INTO `users` (`id`, `name`, `email`, `email_verified_at`, `password`, `remember_token`, `created_at`, `updated_at`) VALUES
(1, 'admin', 'admin@admin.com', NULL, '$2y$10$8CdQdN0GiyHorjkRMepE7.cjROF3CjozWBOwG9fMTDn7rjlu8sKmu', 'qsnL81VI0Sa3k9i3ClV3oaABVrHCRYb2PohS6QoAFEz4KErqxu3bBwMPafRP', '2021-10-20 03:55:41', '2021-10-20 03:55:41'),
(2, 'shiva', 'shiva.mulage@gmail.com', NULL, '$2y$10$PWzY.kQvkVPLYYprNgN5J.XW31lEHLMBBaK.PfuW0FkVIDKG34PmW', NULL, '2021-10-24 12:15:34', '2021-10-24 12:15:34');

--
-- Indexes for dumped tables
--

--
-- Indexes for table `answers`
--
ALTER TABLE `answers`
  ADD PRIMARY KEY (`answer_id`);

--
-- Indexes for table `configuration`
--
ALTER TABLE `configuration`
  ADD PRIMARY KEY (`id`);

--
-- Indexes for table `failed_jobs`
--
ALTER TABLE `failed_jobs`
  ADD PRIMARY KEY (`id`);

--
-- Indexes for table `migrations`
--
ALTER TABLE `migrations`
  ADD PRIMARY KEY (`id`);

--
-- Indexes for table `password_resets`
--
ALTER TABLE `password_resets`
  ADD KEY `password_resets_email_index` (`email`(191));

--
-- Indexes for table `personal_access_tokens`
--
ALTER TABLE `personal_access_tokens`
  ADD PRIMARY KEY (`id`);

--
-- Indexes for table `personal_detail`
--
ALTER TABLE `personal_detail`
  ADD PRIMARY KEY (`id`);

--
-- Indexes for table `questions`
--
ALTER TABLE `questions`
  ADD PRIMARY KEY (`question_id`);

--
-- Indexes for table `question_category`
--
ALTER TABLE `question_category`
  ADD PRIMARY KEY (`category_id`);

--
-- Indexes for table `users`
--
ALTER TABLE `users`
  ADD PRIMARY KEY (`id`);

--
-- AUTO_INCREMENT for dumped tables
--

--
-- AUTO_INCREMENT for table `answers`
--
ALTER TABLE `answers`
  MODIFY `answer_id` int(10) UNSIGNED NOT NULL AUTO_INCREMENT, AUTO_INCREMENT=1121;

--
-- AUTO_INCREMENT for table `configuration`
--
ALTER TABLE `configuration`
  MODIFY `id` int(10) UNSIGNED NOT NULL AUTO_INCREMENT, AUTO_INCREMENT=2;

--
-- AUTO_INCREMENT for table `failed_jobs`
--
ALTER TABLE `failed_jobs`
  MODIFY `id` bigint(20) UNSIGNED NOT NULL AUTO_INCREMENT;

--
-- AUTO_INCREMENT for table `migrations`
--
ALTER TABLE `migrations`
  MODIFY `id` int(10) UNSIGNED NOT NULL AUTO_INCREMENT, AUTO_INCREMENT=5;

--
-- AUTO_INCREMENT for table `personal_access_tokens`
--
ALTER TABLE `personal_access_tokens`
  MODIFY `id` bigint(20) UNSIGNED NOT NULL AUTO_INCREMENT;

--
-- AUTO_INCREMENT for table `personal_detail`
--
ALTER TABLE `personal_detail`
  MODIFY `id` int(10) UNSIGNED NOT NULL AUTO_INCREMENT, AUTO_INCREMENT=15;

--
-- AUTO_INCREMENT for table `questions`
--
ALTER TABLE `questions`
  MODIFY `question_id` int(10) UNSIGNED NOT NULL AUTO_INCREMENT, AUTO_INCREMENT=81;

--
-- AUTO_INCREMENT for table `question_category`
--
ALTER TABLE `question_category`
  MODIFY `category_id` int(10) UNSIGNED NOT NULL AUTO_INCREMENT, AUTO_INCREMENT=10;

--
-- AUTO_INCREMENT for table `users`
--
ALTER TABLE `users`
  MODIFY `id` bigint(20) UNSIGNED NOT NULL AUTO_INCREMENT, AUTO_INCREMENT=3;
COMMIT;

/*!40101 SET CHARACTER_SET_CLIENT=@OLD_CHARACTER_SET_CLIENT */;
/*!40101 SET CHARACTER_SET_RESULTS=@OLD_CHARACTER_SET_RESULTS */;
/*!40101 SET COLLATION_CONNECTION=@OLD_COLLATION_CONNECTION */;
